Категорія,Назва,Ціна,Наявність,Стан,Фото (ім'я файлу),Опис
Супутникове ТБ,Sat-Integral S-1218,806,під замовлення,нове,sat-integral-s-1218.jpg,Sat-Integral S-1218. Фото і точна наявність уточнюються — товар з прайсу постачальника.
Супутникове ТБ,Sat-Integral S-1239,652,під замовлення,нове,sat-integral-s-1239.jpg,Sat-Integral S-1239. Фото і точна наявність уточнюються — товар з прайсу постачальника.
Супутникове ТБ,Sat-Integral S-1249,720,під замовлення,нове,sat-integral-s-1249.jpg,Sat-Integral S-1249. Фото і точна наявність уточнюються — товар з прайсу постачальника.
Супутникове ТБ,Sat-Integral S-1228,903,під замовлення,нове,,Sat-Integral S-1228. Фото і точна наявність уточнюються — товар з прайсу постачальника.
Супутникове ТБ,SAT WAY S101 HD mini,523,під замовлення,нове,sat-way-s101-hd-mini.jpg,SAT WAY S101 HD mini. Фото і точна наявність уточнюються — товар з прайсу постачальника.
Супутникове ТБ,SAT WAY S102 HD,618,під замовлення,нове,sat-way-s102-hd.jpg,SAT WAY S102 HD. Фото і точна наявність уточнюються — товар з прайсу постачальника.
Супутникове ТБ,Eurosky ES-4080,763,під замовлення,нове,eurosky-es-4080.jpg,Eurosky ES-4080. Фото і точна наявність уточнюються — товар з прайсу постачальника.
Супутникове ТБ,Satcom 4160 HD,697,під замовлення,нове,satcom-4160-hd.jpg,Satcom 4160 HD. Фото і точна наявність уточнюються — товар з прайсу постачальника.
Супутникове ТБ,Tiger F1,673,під замовлення,нове,tiger-f1.jpg,Tiger F1. Фото і точна наявність уточнюються — товар з прайсу постачальника.
Супутникове ТБ,Sat Integral S-1311,1005,під замовлення,нове,sat-integral-s-1311.jpg,Sat Integral S-1311. Фото і точна наявність уточнюються — товар з прайсу постачальника.
Ефірне ТБ,Sat Integral 5053,592,під замовлення,нове,sat-integral-5053.jpg,Sat Integral 5053. Фото і точна наявність уточнюються — товар з прайсу постачальника.
Ефірне ТБ,Sat Integral 5053 Mini,547,під замовлення,нове,sat-integral-5053-mini.jpg,Sat Integral 5053 Mini. Фото і точна наявність уточнюються — товар з прайсу постачальника.
Ефірне ТБ,Q-Sat Q-110 RX,472,під замовлення,нове,q-sat-q-110-rx.jpg,Q-Sat Q-110 RX. Фото і точна наявність уточнюються — товар з прайсу постачальника.
Ефірне ТБ,Q-Sat Q-115,457,під замовлення,нове,q-sat-q-115.jpg,Q-Sat Q-115. Фото і точна наявність уточнюються — товар з прайсу постачальника.
Ефірне ТБ,Q-Sat Q-115 RX,458,під замовлення,нове,q-sat-q-115-rx.jpg,Q-Sat Q-115 RX. Фото і точна наявність уточнюються — товар з прайсу постачальника.
Ефірне ТБ,Q-Sat Q-149 RX,552,під замовлення,нове,q-sat-q-149-rx.jpg,Q-Sat Q-149 RX. Фото і точна наявність уточнюються — товар з прайсу постачальника.
Ефірне ТБ,Q-Sat Q-150 RX,552,під замовлення,нове,q-sat-q-150-rx.jpg,Q-Sat Q-150 RX. Фото і точна наявність уточнюються — товар з прайсу постачальника.
Ефірне ТБ,Q-Sat Q-62 RX,473,під замовлення,нове,q-sat-q-62-rx.jpg,Q-Sat Q-62 RX. Фото і точна наявність уточнюються — товар з прайсу постачальника.
Ефірне ТБ,Q-Sat Q-ALOEN RX,468,під замовлення,нове,,Q-Sat Q-ALOEN RX. Фото і точна наявність уточнюються — товар з прайсу постачальника.
Ефірне ТБ,Romsat T7085HD,555,під замовлення,нове,,Romsat T7085HD. Фото і точна наявність уточнюються — товар з прайсу постачальника.
"Android приставки, проектори, а",ZU5 2/8,1013,під замовлення,нове,,ZU5 2/8. Фото і точна наявність уточнюються — товар з прайсу постачальника.
"Android приставки, проектори, а",ZU5 Pro 2/16,1040,під замовлення,нове,,ZU5 Pro 2/16. Фото і точна наявність уточнюються — товар з прайсу постачальника.
"Android приставки, проектори, а",ZU6 2/16,1227,під замовлення,нове,zu6-2-16.jpg,ZU6 2/16. Фото і точна наявність уточнюються — товар з прайсу постачальника.
"Android приставки, проектори, а",ZU6 2/8,933,під замовлення,нове,,ZU6 2/8. Фото і точна наявність уточнюються — товар з прайсу постачальника.
"Android приставки, проектори, а",Z6 2/8,933,під замовлення,нове,,Z6 2/8. Фото і точна наявність уточнюються — товар з прайсу постачальника.
"Android приставки, проектори, а",Z8 Stick 2/16,1147,під замовлення,нове,z8-stick-2-16.png,Z8 Stick 2/16. Фото і точна наявність уточнюються — товар з прайсу постачальника.
"Android приставки, проектори, а",Z8 Pro 2/16,1205,під замовлення,нове,,Z8 Pro 2/16. Фото і точна наявність уточнюються — товар з прайсу постачальника.
"Android приставки, проектори, а",Z8 Pro 4/32,1579,під замовлення,нове,,Z8 Pro 4/32. Фото і точна наявність уточнюються — товар з прайсу постачальника.
"Android приставки, проектори, а",Z10 2/16,1147,під замовлення,нове,,Z10 2/16. Фото і точна наявність уточнюються — товар з прайсу постачальника.
"Android приставки, проектори, а",P5 2/8,1040,під замовлення,нове,p5-2-8.jpg,P5 2/8. Фото і точна наявність уточнюються — товар з прайсу постачальника.
Телевізори та кронштейни,Настольное крепление для монитора V80,1151,під замовлення,нове,,Настольное крепление для монитора V80. Фото і точна наявність уточнюються — товар з прайсу постачальника.
Телевізори та кронштейни,"Кріплення QS W-1 під тюнер, планшет",154,під замовлення,нове,kriplennia-qs-w-1-pid-tiuner-planshet.jpg,"Кріплення QS W-1 під тюнер, планшет. Фото і точна наявність уточнюються — товар з прайсу постачальника."
Телевізори та кронштейни,Полиця для приставки Screen Top Shelf,147,під замовлення,нове,,Полиця для приставки Screen Top Shelf. Фото і точна наявність уточнюються — товар з прайсу постачальника.
Телевізори та кронштейни,Кронштейн Ozone HD WM3265,242,під замовлення,нове,,Кронштейн Ozone HD WM3265. Фото і точна наявність уточнюються — товар з прайсу постачальника.
Телевізори та кронштейни,Кронштейн Ozone HD WM3260,179,під замовлення,нове,,Кронштейн Ozone HD WM3260. Фото і точна наявність уточнюються — товар з прайсу постачальника.
Телевізори та кронштейни,Кронштейн Ozone HD WM3280,1005,під замовлення,нове,kronshtein-ozone-hd-wm3280.jpg,Кронштейн Ozone HD WM3280. Фото і точна наявність уточнюються — товар з прайсу постачальника.
Телевізори та кронштейни,Кронштейн Ozone HD WM2665,940,під замовлення,нове,kronshtein-ozone-hd-wm2665.jpg,Кронштейн Ozone HD WM2665. Фото і точна наявність уточнюються — товар з прайсу постачальника.
Телевізори та кронштейни,Кронштейн Ozone HD WM1455,478,під замовлення,нове,,Кронштейн Ozone HD WM1455. Фото і точна наявність уточнюються — товар з прайсу постачальника.
Телевізори та кронштейни,Кронштейн Ozone HD WM1443,413,під замовлення,нове,,Кронштейн Ozone HD WM1443. Фото і точна наявність уточнюються — товар з прайсу постачальника.
Телевізори та кронштейни,Кронштейн TMP-200TA 14-42,244,під замовлення,нове,kronshtein-tmp-200ta-14-42.jpg,Кронштейн TMP-200TA 14-42. Фото і точна наявність уточнюються — товар з прайсу постачальника.
"Відеоспостереження, Охорона, Ро",IMOU NVR-N110W-8A0E-P,2864,під замовлення,нове,imou-nvr-n110w-8a0e-p.jpg,IMOU NVR-N110W-8A0E-P. Фото і точна наявність уточнюються — товар з прайсу постачальника.
"Відеоспостереження, Охорона, Ро",IMOU NVR-N118W-8A0E-P,3307,під замовлення,нове,,IMOU NVR-N118W-8A0E-P. Фото і точна наявність уточнюються — товар з прайсу постачальника.
"Відеоспостереження, Охорона, Ро",Dahua NVR 1104HS-P-S3/H,4256,під замовлення,нове,dahua-nvr-1104hs-p-s3-h.jpg,Dahua NVR 1104HS-P-S3/H. Фото і точна наявність уточнюються — товар з прайсу постачальника.
"Відеоспостереження, Охорона, Ро",Dahua NVR1104HS-S3/H,2601,під замовлення,нове,dahua-nvr1104hs-s3-h.jpg,Dahua NVR1104HS-S3/H. Фото і точна наявність уточнюються — товар з прайсу постачальника.
"Відеоспостереження, Охорона, Ро",Dahua NVR1108HS-S3/H,3068,під замовлення,нове,dahua-nvr1108hs-s3-h.jpg,Dahua NVR1108HS-S3/H. Фото і точна наявність уточнюються — товар з прайсу постачальника.
"Відеоспостереження, Охорона, Ро",Dahua NVR 1108HS-8P-S3/H,6355,під замовлення,нове,dahua-nvr-1108hs-8p-s3-h.jpg,Dahua NVR 1108HS-8P-S3/H. Фото і точна наявність уточнюються — товар з прайсу постачальника.
"Відеоспостереження, Охорона, Ро",Dahua XVR4104C-I,2501,під замовлення,нове,dahua-xvr4104c-i.jpg,Dahua XVR4104C-I. Фото і точна наявність уточнюються — товар з прайсу постачальника.
"Відеоспостереження, Охорона, Ро",Dahua XVR4104C-I/T,2307,під замовлення,нове,dahua-xvr4104c-i-t.jpg,Dahua XVR4104C-I/T. Фото і точна наявність уточнюються — товар з прайсу постачальника.
"Відеоспостереження, Охорона, Ро",Dahua XVR4104HS-I,2571,під замовлення,нове,dahua-xvr4104hs-i.jpg,Dahua XVR4104HS-I. Фото і точна наявність уточнюються — товар з прайсу постачальника.
"Відеоспостереження, Охорона, Ро",Dahua XVR4108C-I,3560,під замовлення,нове,dahua-xvr4108c-i.jpg,Dahua XVR4108C-I. Фото і точна наявність уточнюються — товар з прайсу постачальника.
Мережеве обладнання,Роутер Xiaomi Mi WiFi 4C Global,690,під замовлення,нове,router-xiaomi-mi-wifi-4c-global.jpg,Роутер Xiaomi Mi WiFi 4C Global. Фото і точна наявність уточнюються — товар з прайсу постачальника.
Мережеве обладнання,Роутер Xiaomi Mi WiFi Router 4A Global,878,під замовлення,нове,router-xiaomi-mi-wifi-router-4a-global.jpg,Роутер Xiaomi Mi WiFi Router 4A Global. Фото і точна наявність уточнюються — товар з прайсу постачальника.
Мережеве обладнання,Роутер Xiaomi Router AC1200 (DVB4330GL),1320,під замовлення,нове,router-xiaomi-router-ac1200-dvb4330gl.jpg,Роутер Xiaomi Router AC1200 (DVB4330GL). Фото і точна наявність уточнюються — товар з прайсу постачальника.
Мережеве обладнання,Роутер Xiaomi Router AX1500 (DVB4412GL),1469,під замовлення,нове,router-xiaomi-router-ax1500-dvb4412gl.jpg,Роутер Xiaomi Router AX1500 (DVB4412GL). Фото і точна наявність уточнюються — товар з прайсу постачальника.
Мережеве обладнання,Роутер Xiaomi Router AX3200 (DVB4314GL),2438,під замовлення,нове,,Роутер Xiaomi Router AX3200 (DVB4314GL). Фото і точна наявність уточнюються — товар з прайсу постачальника.
Мережеве обладнання,Роутер Pix-Link LV-WR21Q,608,під замовлення,нове,router-pix-link-lv-wr21q.jpg,Роутер Pix-Link LV-WR21Q. Фото і точна наявність уточнюються — товар з прайсу постачальника.
Мережеве обладнання,Роутер Pix-Link LV-WR50Q,655,під замовлення,нове,,Роутер Pix-Link LV-WR50Q. Фото і точна наявність уточнюються — товар з прайсу постачальника.
Мережеве обладнання,Роутер Pix-Link LV-AC06,818,під замовлення,нове,router-pix-link-lv-ac06.png,Роутер Pix-Link LV-AC06. Фото і точна наявність уточнюються — товар з прайсу постачальника.
Мережеве обладнання,Роутер TotoLink N350RT,641,під замовлення,нове,,Роутер TotoLink N350RT. Фото і точна наявність уточнюються — товар з прайсу постачальника.
Мережеве обладнання,Роутер TotoLink AC1200 A720R,973,під замовлення,нове,router-totolink-ac1200-a720r.jpg,Роутер TotoLink AC1200 A720R. Фото і точна наявність уточнюються — товар з прайсу постачальника.
Кабель,Вита пара мідь (003772) Dialan FTP CU (100МГц) PVC Мідь 305 м. Білий,3786,під замовлення,нове,,Вита пара мідь (003772) Dialan FTP CU (100МГц) PVC Мідь 305 м. Білий. Фото і точна наявність уточнюються — товар з прайсу постачальника.
Кабель,"Вита пара мідь (10559) RITAR UTP(4*2*0,51), СU, оболочка ПЭ, 305 м. Чорний",4737,під замовлення,нове,,"Вита пара мідь (10559) RITAR UTP(4*2*0,51), СU, оболочка ПЭ, 305 м. Чорний. Фото і точна наявність уточнюються — товар з прайсу постачальника."
Кабель,"Вита пара мідь (09009) MERLION UTP, КПВ-ВП (100) 4P 24AWG, iзоляцiя ПВХ, 305м, Білий",4674,під замовлення,нове,vyta-para-mid-09009-merlion-utp-kpv-vp-100-4p-24awg-izoliats.jpg,"Вита пара мідь (09009) MERLION UTP, КПВ-ВП (100) 4P 24AWG, iзоляцiя ПВХ, 305м, Білий. Фото і точна наявність уточнюються — товар з прайсу постачальника."
Кабель,"Вита пара мідь (06394) MERLION UTP, КПВ-ВП (100) 4P 24AWG, iзоляцiя ПВХ, 305м, Чорний",4820,під замовлення,нове,,"Вита пара мідь (06394) MERLION UTP, КПВ-ВП (100) 4P 24AWG, iзоляцiя ПВХ, 305м, Чорний. Фото і точна наявність уточнюються — товар з прайсу постачальника."
Кабель,"Вита пара мідь (06494) MERLION FTP(4*2*0,50) CU, изоляція ПЭ, Мідь 305 м. Чорний",4386,під замовлення,нове,vyta-para-mid-06494-merlion-ftp-4-2-0-50-cu-yzoliatsiia-pe-m.jpg,"Вита пара мідь (06494) MERLION FTP(4*2*0,50) CU, изоляція ПЭ, Мідь 305 м. Чорний. Фото і точна наявність уточнюються — товар з прайсу постачальника."
Кабель,"Вита пара з дротом мідь (03959) Merlion FTP(4*2*0,50) Мідь 305m Чорний",5015,під замовлення,нове,,"Вита пара з дротом мідь (03959) Merlion FTP(4*2*0,50) Мідь 305m Чорний. Фото і точна наявність уточнюються — товар з прайсу постачальника."
Кабель,"Вита пара з дротом (11830) Ritar FTP(4*2*0,51) 4p 24 AWG, 305m Чорний",2422,під замовлення,нове,,"Вита пара з дротом (11830) Ritar FTP(4*2*0,51) 4p 24 AWG, 305m Чорний. Фото і точна наявність уточнюються — товар з прайсу постачальника."
Кабель,"Вита пара з тросом (03499) Ritar UTP (4*2*0.5) 4p 24 AWG, ізоляція ПВХ + ПЕ, 305м, Чорний",2379,під замовлення,нове,,"Вита пара з тросом (03499) Ritar UTP (4*2*0.5) 4p 24 AWG, ізоляція ПВХ + ПЕ, 305м, Чорний. Фото і точна наявність уточнюються — товар з прайсу постачальника."
Кабель,"Вита пара з дротом (03502) Ritar UTP (4*2*0.51) 4p 24 AWG, 305м, Чорний",2379,під замовлення,нове,,"Вита пара з дротом (03502) Ritar UTP (4*2*0.51) 4p 24 AWG, 305м, Чорний. Фото і точна наявність уточнюються — товар з прайсу постачальника."
Кабель,"Вита пара з дротом (03503) Ritar UTP (4*2*0.51) 4p 24 AWG, ізоляція ПВХ + ПЕ, 305м, Чорний",2273,під замовлення,нове,,"Вита пара з дротом (03503) Ritar UTP (4*2*0.51) 4p 24 AWG, ізоляція ПВХ + ПЕ, 305м, Чорний. Фото і точна наявність уточнюються — товар з прайсу постачальника."
Компютерна периферія,Миша бездротова Frime FWMO-220BG Чорний/Сірий,229,під замовлення,нове,,Миша бездротова Frime FWMO-220BG Чорний/Сірий. Фото і точна наявність уточнюються — товар з прайсу постачальника.
Компютерна периферія,Миша бездротова Frime FWMO-220BDB Чорний/Темно-синій,237,під замовлення,нове,,Миша бездротова Frime FWMO-220BDB Чорний/Темно-синій. Фото і точна наявність уточнюються — товар з прайсу постачальника.
Компютерна периферія,Миша бездротова Xiaomi Wireless Mouse Lite Black,424,під замовлення,нове,,Миша бездротова Xiaomi Wireless Mouse Lite Black. Фото і точна наявність уточнюються — товар з прайсу постачальника.
Компютерна периферія,Миша бездротова Hoco GM14 (Білий) (Чорний),242,під замовлення,нове,,Миша бездротова Hoco GM14 (Білий) (Чорний). Фото і точна наявність уточнюються — товар з прайсу постачальника.
Компютерна периферія,Миша бездротова Hoco GM21 (Чорно-Жовтий),242,під замовлення,нове,,Миша бездротова Hoco GM21 (Чорно-Жовтий). Фото і точна наявність уточнюються — товар з прайсу постачальника.
Компютерна периферія,Миша бездротова Borofone BG14 Planet 2.4G + Bluetooth (Білий) (Чорний),177,під замовлення,нове,mysha-bezdrotova-borofone-bg14-planet-2-4g-bluetooth-bilyi-c.jpg,Миша бездротова Borofone BG14 Planet 2.4G + Bluetooth (Білий) (Чорний). Фото і точна наявність уточнюються — товар з прайсу постачальника.
Компютерна периферія,Миша бездротова Borofone BG13 Winner 2.4G + Bluetooth (Чорний),244,під замовлення,нове,,Миша бездротова Borofone BG13 Winner 2.4G + Bluetooth (Чорний). Фото і точна наявність уточнюються — товар з прайсу постачальника.
Компютерна периферія,Миша бездротова JEQANG JW-209 2.4G (Чорний),152,під замовлення,нове,mysha-bezdrotova-jeqang-jw-209-2-4g-chornyi.jpg,Миша бездротова JEQANG JW-209 2.4G (Чорний). Фото і точна наявність уточнюються — товар з прайсу постачальника.
Компютерна периферія,Миша бездротова JEQANG JW-AP03 (Чорний),166,під замовлення,нове,mysha-bezdrotova-jeqang-jw-ap03-chornyi.jpg,Миша бездротова JEQANG JW-AP03 (Чорний). Фото і точна наявність уточнюються — товар з прайсу постачальника.
Компютерна периферія,Миша бездротова V82,166,під замовлення,нове,,Миша бездротова V82. Фото і точна наявність уточнюються — товар з прайсу постачальника.
Накопичувачи,Накопичувач HDD SATA 1.0TB Seagate SkyHawk 5400rpm 256MB (ST1000VX013),3314,під замовлення,нове,nakopychuvach-hdd-sata-1-0tb-seagate-skyhawk-5400rpm-256mb-s.jpg,Накопичувач HDD SATA 1.0TB Seagate SkyHawk 5400rpm 256MB (ST1000VX013). Фото і точна наявність уточнюються — товар з прайсу постачальника.
Накопичувачи,Накопичувач HDD SATA 1.0TB Seagate Barracuda (ST1000DM010),3210,під замовлення,нове,nakopychuvach-hdd-sata-1-0tb-seagate-barracuda-st1000dm010.jpg,Накопичувач HDD SATA 1.0TB Seagate Barracuda (ST1000DM010). Фото і точна наявність уточнюються — товар з прайсу постачальника.
Накопичувачи,Накопичувач HDD SATA 1.0TB WD Blue (WD10EZEX),3468,під замовлення,нове,nakopychuvach-hdd-sata-1-0tb-wd-blue-wd10ezex.jpg,Накопичувач HDD SATA 1.0TB WD Blue (WD10EZEX). Фото і точна наявність уточнюються — товар з прайсу постачальника.
Накопичувачи,Накопичувач HDD SATA 1.0TB WD Purple (WD10PURZ),3443,під замовлення,нове,nakopychuvach-hdd-sata-1-0tb-wd-purple-wd10purz.jpg,Накопичувач HDD SATA 1.0TB WD Purple (WD10PURZ). Фото і точна наявність уточнюються — товар з прайсу постачальника.
Накопичувачи,Накопичувач HDD SATA 2.0TB Seagate SkyHawk Surveillance 5400rpm 256MB (ST2000VX017),3931,під замовлення,нове,,Накопичувач HDD SATA 2.0TB Seagate SkyHawk Surveillance 5400rpm 256MB (ST2000VX017). Фото і точна наявність уточнюються — товар з прайсу постачальника.
Накопичувачи,Накопичувач HDD SATA 2.0TB WD Blue (WD20EZAZ),3162,під замовлення,нове,nakopychuvach-hdd-sata-2-0tb-wd-blue-wd20ezaz.jpg,Накопичувач HDD SATA 2.0TB WD Blue (WD20EZAZ). Фото і точна наявність уточнюються — товар з прайсу постачальника.
Накопичувачи,Накопичувач HDD SATA 2.0TB WD Purple 5400rpm 64MB (WD23PURZ),8724,під замовлення,нове,nakopychuvach-hdd-sata-2-0tb-wd-purple-5400rpm-64mb-wd23purz.jpg,Накопичувач HDD SATA 2.0TB WD Purple 5400rpm 64MB (WD23PURZ). Фото і точна наявність уточнюються — товар з прайсу постачальника.
Накопичувачи,Накопичувач SSD M.2 256GB Patriot P300 2280 PCIe 3.0 x4 NVMe TLC (P300P256GM28),1071,під замовлення,нове,nakopychuvach-ssd-m-2-256gb-patriot-p300-2280-pcie-3-0-x4-nv.jpg,Накопичувач SSD M.2 256GB Patriot P300 2280 PCIe 3.0 x4 NVMe TLC (P300P256GM28). Фото і точна наявність уточнюються — товар з прайсу постачальника.
Накопичувачи,Накопичувач SSD M.2 256GB Prologix S380 2280 PCIe 3.0 x4 NVMe TLC (PRO256GS380),975,під замовлення,нове,nakopychuvach-ssd-m-2-256gb-prologix-s380-2280-pcie-3-0-x4-n.jpg,Накопичувач SSD M.2 256GB Prologix S380 2280 PCIe 3.0 x4 NVMe TLC (PRO256GS380). Фото і точна наявність уточнюються — товар з прайсу постачальника.
Накопичувачи,Накопичувач SSD M.2 256GB Apacer AS2280P4X 2280 PCIe 3.0 x4 3D TLC (AP256GAS2280P4X-1),926,під замовлення,нове,nakopychuvach-ssd-m-2-256gb-apacer-as2280p4x-2280-pcie-3-0-x.jpg,Накопичувач SSD M.2 256GB Apacer AS2280P4X 2280 PCIe 3.0 x4 3D TLC (AP256GAS2280P4X-1). Фото і точна наявність уточнюються — товар з прайсу постачальника.
Електроживлення,USB-Лампа XO Y1,80,під замовлення,нове,usb-lampa-xo-y1.jpg,USB-Лампа XO Y1. Фото і точна наявність уточнюються — товар з прайсу постачальника.
Електроживлення,Акумуляторна LED лампа P style 12W,196,під замовлення,нове,akumuliatorna-led-lampa-p-style-12w.jpg,Акумуляторна LED лампа P style 12W. Фото і точна наявність уточнюються — товар з прайсу постачальника.
Електроживлення,Акумуляторна LED лампа P style 15W,209,під замовлення,нове,,Акумуляторна LED лампа P style 15W. Фото і точна наявність уточнюються — товар з прайсу постачальника.
Електроживлення,Акумуляторна LED лампа BlueLine 12W,208,під замовлення,нове,,Акумуляторна LED лампа BlueLine 12W. Фото і точна наявність уточнюються — товар з прайсу постачальника.
Електроживлення,Акумуляторна LED лампа BlueLine 15W,220,під замовлення,нове,,Акумуляторна LED лампа BlueLine 15W. Фото і точна наявність уточнюються — товар з прайсу постачальника.
Електроживлення,Акумуляторна LED лампа RedLine 12W,209,під замовлення,нове,,Акумуляторна LED лампа RedLine 12W. Фото і точна наявність уточнюються — товар з прайсу постачальника.
Електроживлення,Акумуляторна LED лампа RedLine 15W,219,під замовлення,нове,,Акумуляторна LED лампа RedLine 15W. Фото і точна наявність уточнюються — товар з прайсу постачальника.
Електроживлення,Акумуляторна LED лампа BlueLine 20W-2,249,під замовлення,нове,akumuliatorna-led-lampa-blueline-20w-2.jpg,Акумуляторна LED лампа BlueLine 20W-2. Фото і точна наявність уточнюються — товар з прайсу постачальника.
Електроживлення,Акумуляторна LED лампа Diamond 15W,220,під замовлення,нове,,Акумуляторна LED лампа Diamond 15W. Фото і точна наявність уточнюються — товар з прайсу постачальника.
Електроживлення,Лампа кемпінгова акумуляторна телескопічна 20W 1200 мАг*3,316,під замовлення,нове,lampa-kempingova-akumuliatorna-teleskopichna-20w-1200-mag-3.jpg,Лампа кемпінгова акумуляторна телескопічна 20W 1200 мАг*3. Фото і точна наявність уточнюються — товар з прайсу постачальника.
Пульти дистанційного керування,Пульт (38106) U2C master,132,під замовлення,нове,,Пульт (38106) U2C master. Фото і точна наявність уточнюються — товар з прайсу постачальника.
Пульти дистанційного керування,"Пульт (38108) Globo X90, X80premium",135,під замовлення,нове,,"Пульт (38108) Globo X90, X80premium. Фото і точна наявність уточнюються — товар з прайсу постачальника."
Пульти дистанційного керування,Пульт (3844) Strong SRT-7700 Viasat,148,під замовлення,нове,,Пульт (3844) Strong SRT-7700 Viasat. Фото і точна наявність уточнюються — товар з прайсу постачальника.
Пульти дистанційного керування,Пульт (38184) WinQuest,138,під замовлення,нове,,Пульт (38184) WinQuest. Фото і точна наявність уточнюються — товар з прайсу постачальника.
Пульти дистанційного керування,Пульт (38193) U2C A1 HD/ CE/ LAN,126,під замовлення,нове,pult-38193-u2c-a1-hd-ce-lan.jpg,Пульт (38193) U2C A1 HD/ CE/ LAN. Фото і точна наявність уточнюються — товар з прайсу постачальника.
Пульти дистанційного керування,"Пульт (38228) Orto Eco HD,Simax T2 871F2",126,під замовлення,нове,,"Пульт (38228) Orto Eco HD,Simax T2 871F2. Фото і точна наявність уточнюються — товар з прайсу постачальника."
Пульти дистанційного керування,"Пульт (38257) Q-Sat Q-149,Q-150",141,під замовлення,нове,,"Пульт (38257) Q-Sat Q-149,Q-150. Фото і точна наявність уточнюються — товар з прайсу постачальника."
Пульти дистанційного керування,Пульт (33333) Q-Sat Q-110,111,під замовлення,нове,,Пульт (33333) Q-Sat Q-110. Фото і точна наявність уточнюються — товар з прайсу постачальника.
Пульти дистанційного керування,Пульт (3855) Orton 4060CX/4160 Gi S1015/16/25/26/27,137,під замовлення,нове,pult-3855-orton-4060cx-4160-gi-s1015-16-25-26-27.jpg,Пульт (3855) Orton 4060CX/4160 Gi S1015/16/25/26/27. Фото і точна наявність уточнюються — товар з прайсу постачальника.
Пульти дистанційного керування,"Пульт (3886) GI-S8120,Amiko 8900",175,під замовлення,нове,,"Пульт (3886) GI-S8120,Amiko 8900. Фото і точна наявність уточнюються — товар з прайсу постачальника."
Аксесуари до мобільних телефоні,Кабель Ridea RC-M111 Prima Micro 3A (Білий) (Чорний),80,під замовлення,нове,kabel-ridea-rc-m111-prima-micro-3a-bilyi-chornyi.jpg,Кабель Ridea RC-M111 Prima Micro 3A (Білий) (Чорний). Фото і точна наявність уточнюються — товар з прайсу постачальника.
Аксесуари до мобільних телефоні,Кабель Ridea RC-M121 Prima Type-C 3A (Білий) (Чорний),84,під замовлення,нове,kabel-ridea-rc-m121-prima-type-c-3a-bilyi-chornyi.jpg,Кабель Ridea RC-M121 Prima Type-C 3A (Білий) (Чорний). Фото і точна наявність уточнюються — товар з прайсу постачальника.
Аксесуари до мобільних телефоні,Кабель Ridea RC-M131 Prima 12W Lightning (Білий) (Чорний),87,під замовлення,нове,,Кабель Ridea RC-M131 Prima 12W Lightning (Білий) (Чорний). Фото і точна наявність уточнюються — товар з прайсу постачальника.
Аксесуари до мобільних телефоні,Кабель Ridea RC-CO10 CommonPro Type-C 3A (Бiлий) (Чорний),88,під замовлення,нове,kabel-ridea-rc-co10-commonpro-type-c-3a-bilyi-chornyi.jpg,Кабель Ridea RC-CO10 CommonPro Type-C 3A (Бiлий) (Чорний). Фото і точна наявність уточнюються — товар з прайсу постачальника.
Аксесуари до мобільних телефоні,Кабель Baseus USB to Micro / Lightning / Type-C 3.5A 1.5m CAMLTYS,235,під замовлення,нове,kabel-baseus-usb-to-micro-lightning-type-c-3-5a-1-5m-camltys.jpg,Кабель Baseus USB to Micro / Lightning / Type-C 3.5A 1.5m CAMLTYS. Фото і точна наявність уточнюються — товар з прайсу постачальника.
Аксесуари до мобільних телефоні,"Кабель Borofone BX110 PD27W Type-C to Lightning (Білий), (Чорний)",106,під замовлення,нове,,"Кабель Borofone BX110 PD27W Type-C to Lightning (Білий), (Чорний). Фото і точна наявність уточнюються — товар з прайсу постачальника."
Аксесуари до мобільних телефоні,"Кабель Borofone BX110 60W Type-C to Type-C (Білий), (Чорний)",95,під замовлення,нове,,"Кабель Borofone BX110 60W Type-C to Type-C (Білий), (Чорний). Фото і точна наявність уточнюються — товар з прайсу постачальника."
Аксесуари до мобільних телефоні,Кабель Borofone BX110 Lightning 2.4A (Білий) (Чорний),91,під замовлення,нове,,Кабель Borofone BX110 Lightning 2.4A (Білий) (Чорний). Фото і точна наявність уточнюються — товар з прайсу постачальника.
Аксесуари до мобільних телефоні,"Кабель Borofone BX110 Micro 2.4A (Білий), (Чорний)",84,під замовлення,нове,kabel-borofone-bx110-micro-2-4a-bilyi-chornyi.jpg,"Кабель Borofone BX110 Micro 2.4A (Білий), (Чорний). Фото і точна наявність уточнюються — товар з прайсу постачальника."
Аксесуари до мобільних телефоні,"Кабель Borofone BX110 Type-C 3A (Білий), (Чорний)",89,під замовлення,нове,,"Кабель Borofone BX110 Type-C 3A (Білий), (Чорний). Фото і точна наявність уточнюються — товар з прайсу постачальника."
"Інструменти, Мультиметри, Тесте",Мультиметр DT-700B,192,під замовлення,нове,multymetr-dt-700b.jpeg,Мультиметр DT-700B. Фото і точна наявність уточнюються — товар з прайсу постачальника.
"Інструменти, Мультиметри, Тесте",Мультиметр DT-830B,154,під замовлення,нове,multymetr-dt-830b.png,Мультиметр DT-830B. Фото і точна наявність уточнюються — товар з прайсу постачальника.
"Інструменти, Мультиметри, Тесте",Мультиметр DT-830L,199,під замовлення,нове,multymetr-dt-830l.png,Мультиметр DT-830L. Фото і точна наявність уточнюються — товар з прайсу постачальника.
"Інструменти, Мультиметри, Тесте",Мультиметр DT-838,190,під замовлення,нове,multymetr-dt-838.png,Мультиметр DT-838. Фото і точна наявність уточнюються — товар з прайсу постачальника.
"Інструменти, Мультиметри, Тесте",Мультиметр DT-832,180,під замовлення,нове,multymetr-dt-832.png,Мультиметр DT-832. Фото і точна наявність уточнюються — товар з прайсу постачальника.
"Інструменти, Мультиметри, Тесте",Мультиметр DT-9202A,228,під замовлення,нове,,Мультиметр DT-9202A. Фото і точна наявність уточнюються — товар з прайсу постачальника.
"Інструменти, Мультиметри, Тесте",Мультиметр DT-9207A,392,під замовлення,нове,multymetr-dt-9207a.png,Мультиметр DT-9207A. Фото і точна наявність уточнюються — товар з прайсу постачальника.
"Інструменти, Мультиметри, Тесте",Мультиметр DT-9205A,237,під замовлення,нове,,Мультиметр DT-9205A. Фото і точна наявність уточнюються — товар з прайсу постачальника.
"Інструменти, Мультиметри, Тесте",Мультиметр DT-9208A,397,під замовлення,нове,,Мультиметр DT-9208A. Фото і точна наявність уточнюються — товар з прайсу постачальника.
"Інструменти, Мультиметри, Тесте",Мультиметр DT-266,358,під замовлення,нове,,Мультиметр DT-266. Фото і точна наявність уточнюються — товар з прайсу постачальника.
Витратні матеріали,Перехідник (3-0295) гніздо SMA - гніздо MCX,114,під замовлення,нове,,Перехідник (3-0295) гніздо SMA - гніздо MCX. Фото і точна наявність уточнюються — товар з прайсу постачальника.
Витратні матеріали,Перехідник (3-0296) штекер SMA - гніздо MCX,128,під замовлення,нове,,Перехідник (3-0296) штекер SMA - гніздо MCX. Фото і точна наявність уточнюються — товар з прайсу постачальника.
Витратні матеріали,Перехідник (3-0297) гніздо SMA - штекер MCX,112,під замовлення,нове,,Перехідник (3-0297) гніздо SMA - штекер MCX. Фото і точна наявність уточнюються — товар з прайсу постачальника.
Витратні матеріали,Перехідник (3-0267) штекер UHF - гніздо F,126,під замовлення,нове,,Перехідник (3-0267) штекер UHF - гніздо F. Фото і точна наявність уточнюються — товар з прайсу постачальника.
Витратні матеріали,Перехідник (3-0276) штекер N - гніздо F,92,під замовлення,нове,,Перехідник (3-0276) штекер N - гніздо F. Фото і точна наявність уточнюються — товар з прайсу постачальника.
Витратні матеріали,"Перехідник (3-0282) штекер SMA - гніздо SMA, латунь",92,під замовлення,нове,,"Перехідник (3-0282) штекер SMA - гніздо SMA, латунь. Фото і точна наявність уточнюються — товар з прайсу постачальника."
Витратні матеріали,Перехідник (3-0283) гніздо SMA - гніздо F,105,під замовлення,нове,,Перехідник (3-0283) гніздо SMA - гніздо F. Фото і точна наявність уточнюються — товар з прайсу постачальника.
Витратні матеріали,Перехідник (3-0285) штекер SMA - гніздо N,143,під замовлення,нове,,Перехідник (3-0285) штекер SMA - гніздо N. Фото і точна наявність уточнюються — товар з прайсу постачальника.
Витратні матеріали,Перехідник (3-0285-1) штекер SMA - штекер N,143,під замовлення,нове,,Перехідник (3-0285-1) штекер SMA - штекер N. Фото і точна наявність уточнюються — товар з прайсу постачальника.
Витратні матеріали,Перехідник (3-0285-2) гнездо SMA - гнездо N,143,під замовлення,нове,,Перехідник (3-0285-2) гнездо SMA - гнездо N. Фото і точна наявність уточнюються — товар з прайсу постачальника.
Аудіотехніка,Hopestar Party200mini,1229,під замовлення,нове,hopestar-party200mini.jpg,Hopestar Party200mini. Фото і точна наявність уточнюються — товар з прайсу постачальника.
Аудіотехніка,Hopestar A60,4460,під замовлення,нове,hopestar-a60.jpg,Hopestar A60. Фото і точна наявність уточнюються — товар з прайсу постачальника.
Аудіотехніка,Hopestar Party One,3814,під замовлення,нове,hopestar-party-one.jpg,Hopestar Party One. Фото і точна наявність уточнюються — товар з прайсу постачальника.
Аудіотехніка,Hopestar P65,1079,під замовлення,нове,,Hopestar P65. Фото і точна наявність уточнюються — товар з прайсу постачальника.
Аудіотехніка,Hopestar A41PARTY,1229,під замовлення,нове,,Hopestar A41PARTY. Фото і точна наявність уточнюються — товар з прайсу постачальника.
Аудіотехніка,Hopestar A50Party,3068,під замовлення,нове,,Hopestar A50Party. Фото і точна наявність уточнюються — товар з прайсу постачальника.
Аудіотехніка,Hopestar A30party,2322,під замовлення,нове,,Hopestar A30party. Фото і точна наявність уточнюються — товар з прайсу постачальника.
Аудіотехніка,Hopestar P26Pro,1278,під замовлення,нове,,Hopestar P26Pro. Фото і точна наявність уточнюються — товар з прайсу постачальника.
Аудіотехніка,Hopestar PARTY200,3068,під замовлення,нове,hopestar-party200.jpg,Hopestar PARTY200. Фото і точна наявність уточнюються — товар з прайсу постачальника.
Аудіотехніка,Hopestar party100,2919,під замовлення,нове,,Hopestar party100. Фото і точна наявність уточнюються — товар з прайсу постачальника.
